{
  "bigDouble": 9.223372036854776e+58,
  "bigInt": 9.223372036854776e+58
}